[
  {
    "MapName": "bigmap",
    "MapGroups": [
      {
        "Name": "Starting SCAVs",
        "Bots": [
          {
            "BotType": "assault",
            "MaxBotCount": 2
          }
        ],
        "Time_min": 60,
        "Time_max": 120,
        "RandomTimeSpawn": false,
        "OnlySpawnOnce": true,
        "BotZone": [
          "ZoneScavBase",
          "ZoneBlockPost",
          "ZoneBrige",
          "ZoneTankSquare",
          "ZoneCrossRoad",
          "ZoneDormitory",
          "ZoneCustoms",
          "ZoneFactorySide",
          "ZoneFactoryCenter",
          "ZoneOldAZS",
          "ZoneWade",
          "ZoneGasStation"
        ]
      },
      {
        "Name": "assaults",
        "Bots": [
          {
            "BotType": "assault",
            "MaxBotCount": 2
          }
        ],
        "Time_min": 450,
        "Time_max": 3600,
        "RandomTimeSpawn": false,
        "OnlySpawnOnce": false,
        "BotZone": [
          "ZoneScavBase",
          "ZoneBlockPost",
          "ZoneBrige",
          "ZoneTankSquare",
          "ZoneCrossRoad",
          "ZoneDormitory",
          "ZoneCustoms",
          "ZoneFactorySide",
          "ZoneFactoryCenter",
          "ZoneOldAZS",
          "ZoneWade",
          "ZoneGasStation"
        ]
      }
    ],
    "MapBosses": []
  }
]
