[
  {
    "MapName": "factory4_day",
    "MapGroups": [
      {
        "Name": "SCAVs",
        "Bots": [
          {
            "BotType": "assault",
            "MaxBotCount": 2
          },
          {
            "BotType": "assault",
            "MaxBotCount": 2
          }
        ],
        "Time_min": 60,
        "Time_max": 120,
        "RandomTimeSpawn": false,
        "OnlySpawnOnce": true,
        "BotZone": ["BotZone"]
      },
      {
        "Name": "SCAVs",
        "Bots": [
          {
            "BotType": "assault",
            "MaxBotCount": 2
          }
        ],
        "Time_min": 120,
        "Time_max": 900,
        "RandomTimeSpawn": false,
        "OnlySpawnOnce": false,
        "BotZone": ["BotZone"]
      }
    ],
    "MapBosses": []
  }
]
