[
  {
    "MapName": "factory4_night",
    "MapGroups": [],
    "MapBosses": [
      {
        "Name": "Cultists",
        "BossName": "sectantpriest",
        "BossEscortType": "sectantwarrior",
        "BossEscortAmount": "2",
        "Time": -1,
        "Supports": null,
        "RandomTimeSpawn": false,
        "OnlySpawnOnce": true,
        "BossZone": ["BotZone"]
      },
      {
        "Name": "Cultists",
        "BossName": "sectantpriest",
        "BossEscortType": "sectantwarrior",
        "BossEscortAmount": "2",
        "Time": 500,
        "Supports": null,
        "RandomTimeSpawn": false,
        "OnlySpawnOnce": true,
        "BossZone": ["BotZone"]
      },
      {
        "Name": "Cultists",
        "BossName": "sectantpriest",
        "BossEscortType": "sectantwarrior",
        "BossEscortAmount": "2",
        "Time": 780,
        "Supports": null,
        "RandomTimeSpawn": false,
        "OnlySpawnOnce": true,
        "BossZone": ["BotZone"]
      },
      {
        "Name": "Cultists",
        "BossName": "sectantpriest",
        "BossEscortType": "sectantwarrior",
        "BossEscortAmount": "2",
        "Time": 1080,
        "Supports": null,
        "RandomTimeSpawn": false,
        "OnlySpawnOnce": true,
        "BossZone": ["BotZone"]
      },
      {
        "Name": "Cultists",
        "BossName": "sectantpriest",
        "BossEscortType": "sectantwarrior",
        "BossEscortAmount": "2",
        "Time": 1380,
        "Supports": null,
        "RandomTimeSpawn": false,
        "OnlySpawnOnce": true,
        "BossZone": ["BotZone"]
      },
      {
        "Name": "Cultists",
        "BossName": "sectantpriest",
        "BossEscortType": "sectantwarrior",
        "BossEscortAmount": "2",
        "Time": 1680,
        "Supports": null,
        "RandomTimeSpawn": false,
        "OnlySpawnOnce": true,
        "BossZone": ["BotZone"]
      },
      {
        "Name": "Cultists",
        "BossName": "sectantpriest",
        "BossEscortType": "sectantwarrior",
        "BossEscortAmount": "2",
        "Time": 1980,
        "Supports": null,
        "RandomTimeSpawn": false,
        "OnlySpawnOnce": true,
        "BossZone": ["BotZone"]
      },
      {
        "Name": "Cultists",
        "BossName": "sectantpriest",
        "BossEscortType": "sectantwarrior",
        "BossEscortAmount": "2",
        "Time": 2280,
        "Supports": null,
        "RandomTimeSpawn": false,
        "OnlySpawnOnce": true,
        "BossZone": ["BotZone"]
      },
      {
        "Name": "Cultists",
        "BossName": "sectantpriest",
        "BossEscortType": "sectantwarrior",
        "BossEscortAmount": "2",
        "Time": 2580,
        "Supports": null,
        "RandomTimeSpawn": false,
        "OnlySpawnOnce": true,
        "BossZone": ["BotZone"]
      }
    ]
  }
]
