[
  {
    "MapName": "interchange",
    "MapGroups": [
      {
        "Name": "PMCs",
        "Bots": [
          {
            "BotType": "pmc",
            "MaxBotCount": 2
          }
        ],
        "Time_min": 450,
        "Time_max": 2900,
        "RandomTimeSpawn": false,
        "OnlySpawnOnce": false,
        "BotZone": [
          "ZoneGoshan",
          "ZoneRoad",
          "ZoneIDEA",
          "ZoneOLIPark",
          "ZoneIDEAPark",
          "ZoneOLI",
          "ZoneCenter",
          "ZonePowerStation",
          "ZoneCenterBot",
          "ZoneTrucks"
        ]
      },
      {
        "Name": "PMCs",
        "Bots": [
          {
            "BotType": "pmc",
            "MaxBotCount": 2
          }
        ],
        "Time_min": 300,
        "Time_max": 900,
        "RandomTimeSpawn": false,
        "OnlySpawnOnce": false,
        "BotZone": [
          "ZoneGoshan",
          "ZoneIDEA",
          "ZoneOLI"
        ]
      }
    ],
    "MapBosses": [
      {
        "Name": "sptusec",
        "BossName": "sptusec",
        "BossEscortType": "sptusec",
        "Time": 5,
        "Supports": null,
        "RandomTimeSpawn": false,
        "OnlySpawnOnce": true,
        "BossZone": ["ZoneRoad"]
      },
      {
        "Name": "sptbear",
        "BossName": "sptbear",
        "BossEscortType": "sptbear",
        "Time": 5,
        "Supports": null,
        "RandomTimeSpawn": false,
        "OnlySpawnOnce": true,
        "BossZone": ["ZoneOLI"]
      },
      {
        "Name": "sptbear",
        "BossName": "sptbear",
        "BossEscortType": "sptbear",
        "Time": 5,
        "Supports": null,
        "RandomTimeSpawn": false,
        "OnlySpawnOnce": true,
        "BossZone": ["ZoneIDEA"]
      },
      {
        "Name": "sptusec",
        "BossName": "sptusec",
        "BossEscortType": "sptusec",
        "Time": 5,
        "Supports": null,
        "RandomTimeSpawn": false,
        "OnlySpawnOnce": true,
        "BossZone": ["ZoneOLI"]
      },
      {
        "Name": "sptusec",
        "BossName": "sptusec",
        "BossEscortType": "sptusec",
        "Time": 5,
        "Supports": null,
        "RandomTimeSpawn": false,
        "OnlySpawnOnce": true,
        "BossZone": ["ZoneIDEA"]
      },
      {
        "Name": "sptbear",
        "BossName": "sptbear",
        "BossEscortType": "sptbear",
        "Time": 5,
        "Supports": null,
        "RandomTimeSpawn": false,
        "OnlySpawnOnce": true,
        "BossZone": ["ZonePowerStation"]
      },
      {
        "Name": "sptusec",
        "BossName": "sptusec",
        "BossEscortType": "sptusec",
        "Time": 5,
        "Supports": null,
        "RandomTimeSpawn": false,
        "OnlySpawnOnce": true,
        "BossZone": ["ZoneTrucks"]
      },
      {
        "Name": "sptbear",
        "BossName": "sptbear",
        "BossEscortType": "sptbear",
        "Time": 5,
        "Supports": null,
        "RandomTimeSpawn": false,
        "OnlySpawnOnce": true,
        "BossZone": ["ZoneIDEAPark"]
      },
      {
        "Name": "sptusec",
        "BossName": "sptusec",
        "BossEscortType": "sptusec",
        "Time": 5,
        "Supports": null,
        "RandomTimeSpawn": false,
        "OnlySpawnOnce": true,
        "BossZone": ["ZoneOLIPark"]
      },
      {
        "Name": "sptusec",
        "BossName": "sptusec",
        "BossEscortType": "sptusec",
        "Time": 5,
        "Supports": null,
        "RandomTimeSpawn": false,
        "OnlySpawnOnce": true,
        "BossZone": ["ZoneCenterBot"]
      },
      {
        "Name": "sptusec",
        "BossName": "sptusec",
        "BossEscortType": "sptusec",
        "Time": 5,
        "Supports": null,
        "RandomTimeSpawn": false,
        "OnlySpawnOnce": true,
        "BossZone": ["ZoneGoshan"]
      },
      {
        "Name": "sptbear",
        "BossName": "sptbear",
        "BossEscortType": "sptbear",
        "Time": 5,
        "Supports": null,
        "RandomTimeSpawn": false,
        "OnlySpawnOnce": true,
        "BossZone": ["ZoneGoshan"]
      }
    ]
  }
]
