[
  {
    "MapName": "interchange",
    "MapGroups": [
      {
        "Name": "Starting SCAVs",
        "Bots": [
          {
            "BotType": "assault",
            "MaxBotCount": 2
          }
        ],
        "Time_min": 60,
        "Time_max": 120,
        "RandomTimeSpawn": false,
        "OnlySpawnOnce": true,
        "BotZone": [
          "ZoneGoshan",
          "ZoneRoad",
          "ZoneIDEA",
          "ZoneOLIPark",
          "ZoneIDEAPark",
          "ZoneOLI",
          "ZoneCenter",
          "ZonePowerStation",
          "ZoneCenterBot",
          "ZoneTrucks"
        ]
      },
      {
        "Name": "assaults",
        "Bots": [
          {
            "BotType": "assault",
            "MaxBotCount": 2
          }
        ],
        "Time_min": 400,
        "Time_max": 3600,
        "RandomTimeSpawn": false,
        "OnlySpawnOnce": false,
        "BotZone": [
          "ZoneGoshan",
          "ZoneIDEA",
          "ZoneOLI",
          "ZoneCenter",
          "ZoneCenterBot"
        ]
      },
      {
        "Name": "assaults",
        "Bots": [
          {
            "BotType": "assault",
            "MaxBotCount": 2
          }
        ],
        "Time_min": 450,
        "Time_max": 3600,
        "RandomTimeSpawn": false,
        "OnlySpawnOnce": false,
        "BotZone": [
          "ZoneRoad",
          "ZoneOLIPark",
          "ZoneIDEAPark",
          "ZoneOLI",
          "ZonePowerStation",
          "ZoneTrucks"
        ]
      }
    ],
    "MapBosses": []
  }
]
