[
  {
    "MapName": "lighthouse",
    "MapGroups": [],
    "MapBosses": [
      {
        "Name": "Rogue",
        "BossName": "exusec",
        "BossEscortType": "exusec",
        "BossEscortAmount": "1,2,3",
        "Time": 120,
        "Supports": null,
        "RandomTimeSpawn": false,
        "OnlySpawnOnce": true,
        "BossZone": ["Zone_Island"]
      },
      {
        "Name": "Rogue",
        "BossName": "exusec",
        "BossEscortType": "exusec",
        "BossEscortAmount": "0,0,0,0,1,1",
        "Time": 3,
        "Supports": null,
        "RandomTimeSpawn": false,
        "OnlySpawnOnce": true,
        "BossZone": ["Zone_TreatmentContainers"]
      },
      {
        "Name": "Rogue",
        "BossName": "exusec",
        "BossEscortType": "exusec",
        "BossEscortAmount": "0,0,0,0,0,0,0,1",
        "Time": 3,
        "Supports": null,
        "RandomTimeSpawn": false,
        "OnlySpawnOnce": true,
        "BossZone": ["Zone_TreatmentBeach"]
      },
      {
        "Name": "Rogue",
        "BossName": "exusec",
        "BossEscortType": "exusec",
        "BossEscortAmount": "0,0,0,0,0,0,0,1",
        "Time": 3,
        "Supports": null,
        "RandomTimeSpawn": false,
        "OnlySpawnOnce": true,
        "BossZone": ["Zone_TreatmentRocks"]
      },
      {
        "Name": "Rogue",
        "BossName": "exusec",
        "BossEscortType": "exusec",
        "BossEscortAmount": "0",
        "Time": 3,
        "Supports": null,
        "RandomTimeSpawn": false,
        "OnlySpawnOnce": true,
        "BossZone": ["Zone_Containers"]
      },
      {
        "Name": "Rogue",
        "BossName": "exusec",
        "BossEscortType": "exusec",
        "BossEscortAmount": "0,0,0,1,1,1,1,2",
        "Time": -1,
        "Supports": null,
        "RandomTimeSpawn": false,
        "OnlySpawnOnce": true,
        "BossZone": ["Zone_Blockpost"]
      },
      {
        "Name": "Rogue",
        "BossName": "exusec",
        "BossEscortType": "exusec",
        "BossEscortAmount": "0,0,0,0,0,0,0,0,0,1",
        "Time": 3,
        "Supports": null,
        "RandomTimeSpawn": false,
        "OnlySpawnOnce": true,
        "BossZone": ["Zone_Hellicopter"]
      },
      {
        "Name": "Rogue",
        "BossName": "exusec",
        "BossEscortType": "exusec",
        "BossEscortAmount": "0,0,0,1",
        "Time": -1,
        "Supports": null,
        "RandomTimeSpawn": false,
        "OnlySpawnOnce": true,
        "BossZone": ["Zone_RoofRocks"]
      },
      {
        "Name": "Rogue",
        "BossName": "exusec",
        "BossEscortType": "exusec",
        "BossEscortAmount": "0,0,0,0,1,1",
        "Time": -1,
        "Supports": null,
        "RandomTimeSpawn": false,
        "OnlySpawnOnce": true,
        "BossZone": ["Zone_RoofBeach"]
      },
      {
        "Name": "Rogue",
        "BossName": "exusec",
        "BossEscortType": "exusec",
        "BossEscortAmount": "0,0,0,1",
        "Time": -1,
        "Supports": null,
        "RandomTimeSpawn": false,
        "OnlySpawnOnce": true,
        "BossZone": ["Zone_RoofContainers"]
      },
      {
        "Name": "Rogue",
        "BossName": "exusec",
        "BossEscortType": "exusec",
        "BossEscortAmount": "0,0,0,0,1,1",
        "Time": 300,
        "Supports": null,
        "RandomTimeSpawn": false,
        "OnlySpawnOnce": true,
        "BossZone": ["Zone_RoofBeach","Zone_RoofContainers","Zone_RoofRocks"]
      },
      {
        "Name": "Rogue",
        "BossName": "exusec",
        "BossEscortType": "exusec",
        "BossEscortAmount": "0,0,0,0,0,0,1,1",
        "Time": 300,
        "Supports": null,
        "RandomTimeSpawn": false,
        "OnlySpawnOnce": true,
        "BossZone": ["Zone_Hellicopter","Zone_Blockpost","Zone_TreatmentRocks","Zone_TreatmentContainers","Zone_TreatmentBeach"]
      },
      {
        "Name": "Rogue",
        "BossName": "exusec",
        "BossEscortType": "exusec",
        "BossEscortAmount": "0,0,0,1,1",
        "Time": 600,
        "Supports": null,
        "RandomTimeSpawn": false,
        "OnlySpawnOnce": true,
        "BossZone": ["Zone_RoofBeach","Zone_RoofContainers","Zone_RoofRocks"]
      },
      {
        "Name": "Rogue",
        "BossName": "exusec",
        "BossEscortType": "exusec",
        "BossEscortAmount": "0,0,0,0,0,0,1,1",
        "Time": 600,
        "Supports": null,
        "RandomTimeSpawn": false,
        "OnlySpawnOnce": true,
        "BossZone": ["Zone_Hellicopter","Zone_Blockpost","Zone_TreatmentRocks","Zone_TreatmentContainers","Zone_TreatmentBeach"]
      },
      {
        "Name": "Rogue",
        "BossName": "exusec",
        "BossEscortType": "exusec",
        "BossEscortAmount": "0,0,0,0,0,0,1,1",
        "Time": 900,
        "Supports": null,
        "RandomTimeSpawn": false,
        "OnlySpawnOnce": true,
        "BossZone": ["Zone_RoofBeach","Zone_RoofContainers","Zone_RoofRocks"]
      },
      {
        "Name": "Rogue",
        "BossName": "exusec",
        "BossEscortType": "exusec",
        "BossEscortAmount": "0,0,0,1,1",
        "Time": 900,
        "Supports": null,
        "RandomTimeSpawn": false,
        "OnlySpawnOnce": true,
        "BossZone": ["Zone_Hellicopter","Zone_Blockpost","Zone_TreatmentRocks","Zone_TreatmentContainers","Zone_TreatmentBeach"]
      },
      {
        "Name": "Rogue",
        "BossName": "exusec",
        "BossEscortType": "exusec",
        "BossEscortAmount": "0,0,0,0,0,0,1,1",
        "Time": 1500,
        "Supports": null,
        "RandomTimeSpawn": false,
        "OnlySpawnOnce": true,
        "BossZone": ["Zone_RoofBeach","Zone_RoofContainers","Zone_RoofRocks"]
      },
      {
        "Name": "Rogue",
        "BossName": "exusec",
        "BossEscortType": "exusec",
        "BossEscortAmount": "0,0,0,0,0,0,1,1",
        "Time": 1500,
        "Supports": null,
        "RandomTimeSpawn": false,
        "OnlySpawnOnce": true,
        "BossZone": ["Zone_Hellicopter","Zone_Blockpost","Zone_TreatmentRocks","Zone_TreatmentContainers","Zone_TreatmentBeach"]
      },
      {
        "Name": "Rogue",
        "BossName": "exusec",
        "BossEscortType": "exusec",
        "BossEscortAmount": "0,0,0,0,0,0,1,1",
        "Time": 2000,
        "Supports": null,
        "RandomTimeSpawn": false,
        "OnlySpawnOnce": true,
        "BossZone": ["Zone_RoofBeach","Zone_RoofContainers","Zone_RoofRocks"]
      },
      {
        "Name": "Rogue",
        "BossName": "exusec",
        "BossEscortType": "exusec",
        "BossEscortAmount": "0,0,0,0,0,0,1,1",
        "Time": 2000,
        "Supports": null,
        "RandomTimeSpawn": false,
        "OnlySpawnOnce": true,
        "BossZone": ["Zone_Hellicopter","Zone_Blockpost","Zone_TreatmentRocks","Zone_TreatmentContainers","Zone_TreatmentBeach"]
      },
      {
        "Name": "Rogue",
        "BossName": "exusec",
        "BossEscortType": "exusec",
        "BossEscortAmount": "0,0,0,0,0,0,1,1",
        "Time": 3000,
        "Supports": null,
        "RandomTimeSpawn": false,
        "OnlySpawnOnce": true,
        "BossZone": ["Zone_RoofBeach","Zone_RoofContainers","Zone_RoofRocks"]
      },
      {
        "Name": "Rogue",
        "BossName": "exusec",
        "BossEscortType": "exusec",
        "BossEscortAmount": "0,0,0,0,0,0,1,1",
        "Time": 3000,
        "Supports": null,
        "RandomTimeSpawn": false,
        "OnlySpawnOnce": true,
        "BossZone": ["Zone_Hellicopter","Zone_Blockpost","Zone_TreatmentRocks","Zone_TreatmentContainers","Zone_TreatmentBeach"]
      }
    ]
  }
]
