[
  {
    "MapName": "rezervbase",
    "MapGroups": [
      {
        "Name": "Starting SCAVs",
        "Bots": [
          {
            "BotType": "assault",
            "MaxBotCount": 2
          }
        ],
        "Time_min": 60,
        "Time_max": 120,
        "RandomTimeSpawn": false,
        "OnlySpawnOnce": true,
        "BotZone": [
          "ZoneBarrack",
          "ZoneRailStrorage",
          "ZoneBunkerStorage",
          "ZoneSubStorage",
          "ZonePTOR2",
          "ZonePTOR1",
          "ZoneSubCommand"
        ]
      },
      {
        "Name": "assaults",
        "Bots": [
          {
            "BotType": "assault",
            "MaxBotCount": 2
          }
        ],
        "Time_min": 300,
        "Time_max": 2600,
        "RandomTimeSpawn": false,
        "OnlySpawnOnce": false,
        "BotZone": [
          "ZoneBarrack",
          "ZoneRailStrorage",
          "ZoneBunkerStorage",
          "ZoneSubStorage",
          "ZonePTOR2",
          "ZonePTOR1",
          "ZoneSubCommand"
        ]
      }
    ],
    "MapBosses": []
  }
]
