[
  {
    "MapName": "rezervbase",
    "MapGroups": [
      {
        "Name": "PMCs",
        "Bots": [
          {
            "BotType": "pmc",
            "MaxBotCount": 2
          }
        ],
        "Time_min": 500,
        "Time_max": 2600,
        "RandomTimeSpawn": false,
        "OnlySpawnOnce": false,
        "BotZone": [
          "ZoneBarrack",
          "ZoneRailStrorage",
          "ZoneBunkerStorage",
          "ZoneSubStorage",
          "ZonePTOR2",
          "ZonePTOR1",
          "ZoneSubCommand"
        ]
      },
      {
        "Name": "PMCs",
        "Bots": [
          {
            "BotType": "pmc",
            "MaxBotCount": 2
          }
        ],
        "Time_min": 400,
        "Time_max": 1800,
        "RandomTimeSpawn": false,
        "OnlySpawnOnce": false,
        "BotZone": [
          "ZoneBarrack",
          "ZoneRailStrorage",
          "ZoneBunkerStorage",
          "ZoneSubCommand"
        ]
      }
    ],
    "MapBosses": [
      {
        "Name": "sptbear",
        "BossName": "sptbear",
        "BossEscortType": "sptbear",
        "Time": 5,
        "Supports": null,
        "RandomTimeSpawn": false,
        "OnlySpawnOnce": true,
        "BossZone": ["ZoneSubCommand"]
      },
      {
        "Name": "sptusec",
        "BossName": "sptusec",
        "BossEscortType": "sptusec",
        "Time": 5,
        "Supports": null,
        "RandomTimeSpawn": false,
        "OnlySpawnOnce": true,
        "BossZone": ["ZoneBarrack"]
      },
      {
        "Name": "sptbear",
        "BossName": "sptbear",
        "BossEscortType": "sptbear",
        "Time": 5,
        "Supports": null,
        "RandomTimeSpawn": false,
        "OnlySpawnOnce": true,
        "BossZone": ["ZoneBarrack"]
      },
      {
        "Name": "sptbear",
        "BossName": "sptbear",
        "BossEscortType": "sptbear",
        "Time": 5,
        "Supports": null,
        "RandomTimeSpawn": false,
        "OnlySpawnOnce": true,
        "BossZone": ["ZonePTOR1"]
      },

      {
        "Name": "sptusec",
        "BossName": "sptusec",
        "BossEscortType": "sptusec",
        "Time": 5,
        "Supports": null,
        "RandomTimeSpawn": false,
        "OnlySpawnOnce": true,
        "BossZone": ["ZonePTOR2"]
      },
      {
        "Name": "sptbear",
        "BossName": "sptbear",
        "BossEscortType": "sptbear",
        "Time": 5,
        "Supports": null,
        "RandomTimeSpawn": false,
        "OnlySpawnOnce": true,
        "BossZone": ["ZoneRailStrorage"]
      },
      {
        "Name": "sptusec",
        "BossName": "sptusec",
        "BossEscortType": "sptusec",
        "Time": 5,
        "Supports": null,
        "RandomTimeSpawn": false,
        "OnlySpawnOnce": true,
        "BossZone": ["ZoneRailStrorage"]
      },
      {
        "Name": "sptusec",
        "BossName": "sptusec",
        "BossEscortType": "sptusec",
        "Time": 5,
        "Supports": null,
        "RandomTimeSpawn": false,
        "OnlySpawnOnce": true,
        "BossZone": ["ZoneBunkerStorage"]
      },
      {
        "Name": "sptbear",
        "BossName": "sptbear",
        "BossEscortType": "sptbear",
        "Time": 5,
        "Supports": null,
        "RandomTimeSpawn": false,
        "OnlySpawnOnce": true,
        "BossZone": ["ZoneBunkerStorage"]
      },
      {
        "Name": "sptbear",
        "BossName": "sptbear",
        "BossEscortType": "sptbear",
        "Time": 5,
        "Supports": null,
        "RandomTimeSpawn": false,
        "OnlySpawnOnce": true,
        "BossZone": ["ZoneSubStorage"]
      }
    ]
  }
]
