[
  {
    "MapName": "shoreline",
    "MapGroups": [
      {
        "Name": "PMCs",
        "Bots": [
          {
            "BotType": "pmc",
            "MaxBotCount": 2
          }
        ],
        "Time_min": 500,
        "Time_max": 3400,
        "RandomTimeSpawn": false,
        "OnlySpawnOnce": false,
        "BotZone": [
          "ZonePowerStation",
          "ZoneGreenHouses",
          "ZoneSanatorium1",
          "ZoneSanatorium2",
          "ZoneBusStation",
          "ZoneMeteoStation",
          "ZoneForestGasStation",
          "ZoneForestTruck",
          "ZoneRailWays",
          "ZoneStartVillage",
          "ZoneIsland",
          "ZonePort",
          "ZoneBunker",
          "ZonePassClose",
          "ZonePassFar",
          "ZoneTunnel"
        ]
      },
      {
        "Name": "PMCs at POIs",
        "Bots": [
          {
            "BotType": "pmc",
            "MaxBotCount": 2
          }
        ],
        "Time_min": 300,
        "Time_max": 600,
        "RandomTimeSpawn": false,
        "OnlySpawnOnce": false,
        "BotZone": [
          "ZoneSanatorium1",
          "ZoneSanatorium2"
        ]
      }
    ],
    "MapBosses": [
      {
        "Name": "sptbear",
        "BossName": "sptbear",
        "BossEscortType": "sptbear",
        "Time": 5,
        "Supports": null,
        "RandomTimeSpawn": false,
        "OnlySpawnOnce": true,
        "BossZone": ["ZoneMeteoStation"]
      },
      {
        "Name": "sptbear",
        "BossName": "sptbear",
        "BossEscortType": "sptbear",
        "Time": 5,
        "Supports": null,
        "RandomTimeSpawn": false,
        "OnlySpawnOnce": true,
        "BossZone": ["ZoneGreenHouses"]
      },
      {
        "Name": "sptusec",
        "BossName": "sptusec",
        "BossEscortType": "sptusec",
        "Time": 5,
        "Supports": null,
        "RandomTimeSpawn": false,
        "OnlySpawnOnce": true,
        "BossZone": ["ZonePort"]
      },
      {
        "Name": "sptusec",
        "BossName": "sptusec",
        "BossEscortType": "sptusec",
        "Time": 5,
        "Supports": null,
        "RandomTimeSpawn": false,
        "OnlySpawnOnce": true,
        "BossZone": ["ZoneStartVillage"]
      },
      {
        "Name": "sptbear",
        "BossName": "sptbear",
        "BossEscortType": "sptbear",
        "Time": 5,
        "Supports": null,
        "RandomTimeSpawn": false,
        "OnlySpawnOnce": true,
        "BossZone": ["ZoneTunnel"]
      },
      {
        "Name": "sptusec",
        "BossName": "sptusec",
        "BossEscortType": "sptusec",
        "Time": 5,
        "Supports": null,
        "RandomTimeSpawn": false,
        "OnlySpawnOnce": true,
        "BossZone": ["ZonePassFar","ZonePassClose"]
      },
      {
        "Name": "sptbear",
        "BossName": "sptbear",
        "BossEscortType": "sptbear",
        "Time": 5,
        "Supports": null,
        "RandomTimeSpawn": false,
        "OnlySpawnOnce": true,
        "BossZone": ["ZonePassFar","ZonePassClose"]
      },
      {
        "Name": "sptusec",
        "BossName": "sptusec",
        "BossEscortType": "sptusec",
        "Time": 5,
        "Supports": null,
        "RandomTimeSpawn": false,
        "OnlySpawnOnce": true,
        "BossZone": ["ZoneBunker"]
      },
      {
        "Name": "sptbear",
        "BossName": "sptbear",
        "BossEscortType": "sptbear",
        "Time": 5,
        "Supports": null,
        "RandomTimeSpawn": false,
        "OnlySpawnOnce": true,
        "BossZone": ["ZoneRailWays"]
      },
      {
        "Name": "sptbear",
        "BossName": "sptbear",
        "BossEscortType": "sptbear",
        "Time": 5,
        "Supports": null,
        "RandomTimeSpawn": false,
        "OnlySpawnOnce": true,
        "BossZone": ["ZoneForestSpawn"]
      },
      {
        "Name": "sptbear",
        "BossName": "sptbear",
        "BossEscortType": "sptbear",
        "Time": 5,
        "Supports": null,
        "RandomTimeSpawn": false,
        "OnlySpawnOnce": true,
        "BossZone": ["ZoneSanatorium1"]
      },
      {
        "Name": "sptusec",
        "BossName": "sptusec",
        "BossEscortType": "sptusec",
        "Time": 5,
        "Supports": null,
        "RandomTimeSpawn": false,
        "OnlySpawnOnce": true,
        "BossZone": ["ZoneSanatorium2"]
      }
    ]
  }
]
