[
  {
    "MapName": "shoreline",
    "MapGroups": [],
    "MapBosses": [
      {
        "Name": "Cultists",
        "BossName": "sectantpriest",
        "BossEscortType": "sectantwarrior",
        "BossEscortAmount": "3",
        "Time": -1,
        "Supports": null,
        "RandomTimeSpawn": false,
        "OnlySpawnOnce": true,
        "BossZone": ["ZoneForestGasStation","ZoneForestSpawn"]
      },
      {
        "Name": "Cultists",
        "BossName": "sectantpriest",
        "BossEscortType": "sectantwarrior",
        "BossEscortAmount": "4",
        "Time": -1,
        "Supports": null,
        "RandomTimeSpawn": false,
        "OnlySpawnOnce": true,
        "BossZone": ["ZoneSanatorium1","ZoneSanatorium2"]
      },
      {
        "Name": "Cultists",
        "BossName": "sectantpriest",
        "BossEscortType": "sectantwarrior",
        "BossEscortAmount": "3",
        "Time": 1200,
        "Supports": null,
        "RandomTimeSpawn": false,
        "OnlySpawnOnce": true,
        "BossZone": ["ZoneForestGasStation","ZoneForestSpawn"]
      },
      {
        "Name": "Cultists",
        "BossName": "sectantpriest",
        "BossEscortType": "sectantwarrior",
        "BossEscortAmount": "4",
        "Time": 1200,
        "Supports": null,
        "RandomTimeSpawn": false,
        "OnlySpawnOnce": true,
        "BossZone": ["ZoneSanatorium1","ZoneSanatorium2"]
      },
      {
        "Name": "Cultists",
        "BossName": "sectantpriest",
        "BossEscortType": "sectantwarrior",
        "BossEscortAmount": "3",
        "Time": 2400,
        "Supports": null,
        "RandomTimeSpawn": false,
        "OnlySpawnOnce": true,
        "BossZone": ["ZoneForestGasStation","ZoneForestSpawn"]
      },
      {
        "Name": "Cultists",
        "BossName": "sectantpriest",
        "BossEscortType": "sectantwarrior",
        "BossEscortAmount": "4",
        "Time": 2400,
        "Supports": null,
        "RandomTimeSpawn": false,
        "OnlySpawnOnce": true,
        "BossZone": ["ZoneSanatorium1","ZoneSanatorium2"]
      },
      {
        "Name": "Cultists",
        "BossName": "sectantpriest",
        "BossEscortType": "sectantwarrior",
        "BossEscortAmount": "3",
        "Time": 3600,
        "Supports": null,
        "RandomTimeSpawn": false,
        "OnlySpawnOnce": true,
        "BossZone": ["ZoneForestGasStation","ZoneForestSpawn"]
      },
      {
        "Name": "Cultists",
        "BossName": "sectantpriest",
        "BossEscortType": "sectantwarrior",
        "BossEscortAmount": "4",
        "Time": 3600,
        "Supports": null,
        "RandomTimeSpawn": false,
        "OnlySpawnOnce": true,
        "BossZone": ["ZoneSanatorium1","ZoneSanatorium2"]
      }
    ]
  }
]
