[
  {
    "MapName": "shoreline",
    "MapGroups": [
      {
        "Name": "Starting SCAVs",
        "Bots": [
          {
            "BotType": "assault",
            "MaxBotCount": 2
          }
        ],
        "Time_min": 60,
        "Time_max": 120,
        "RandomTimeSpawn": false,
        "OnlySpawnOnce": true,
        "BotZone": [
          "ZonePowerStation",
          "ZoneGreenHouses",
          "ZoneSanatorium1",
          "ZoneSanatorium2",
          "ZoneBusStation",
          "ZoneMeteoStation",
          "ZoneForestGasStation",
          "ZoneForestTruck",
          "ZoneRailWays",
          "ZoneBunker",
          "ZoneTunnel"
        ]
      },
      {
        "Name": "assaults",
        "Bots": [
          {
            "BotType": "assault",
            "MaxBotCount": 2
          }
        ],
        "Time_min": 350,
        "Time_max": 3600,
        "RandomTimeSpawn": false,
        "OnlySpawnOnce": false,
        "BotZone": [
          "ZonePowerStation",
          "ZoneGreenHouses",
          "ZoneSanatorium1",
          "ZoneSanatorium2",
          "ZoneBusStation",
          "ZoneMeteoStation",
          "ZoneForestGasStation",
          "ZoneForestTruck",
          "ZoneRailWays",
          "ZoneBunker",
          "ZoneTunnel"
        ]
      }
    ],
    "MapBosses": []
  }
]
