[
  {
    "MapName": "tarkovstreets",
    "MapGroups": [
      {
        "Name": "PMCs",
        "Bots": [
          {
            "BotType": "pmc",
            "MaxBotCount": 2
          }
        ],
        "Time_min": 450,
        "Time_max": 3200,
        "RandomTimeSpawn": false,
        "OnlySpawnOnce": false,
        "BotZone": [
          "ZoneHotel_2",
          "ZoneHotel_1",
          "ZoneConcordia_2",
          "ZoneConcordia_1",
          "ZoneConstruction",
          "ZoneColumn",
          "ZoneConcordiaParking",
          "ZoneCarShowroom",
          "ZoneCinema"
        ]
      },
      {
        "Name": "PMCs at POIs",
        "Bots": [
          {
            "BotType": "pmc",
            "MaxBotCount": 2
          }
        ],
        "Time_min": 450,
        "Time_max": 1500,
        "RandomTimeSpawn": false,
        "OnlySpawnOnce": false,
        "BotZone": [
          "ZoneHotel_2",
          "ZoneHotel_1",
          "ZoneConcordia_2",
          "ZoneConcordia_1",
          "ZoneCarShowroom"
        ]
      }
    ],
    "MapBosses": [
      {
        "Name": "sptusec",
        "BossName": "sptusec",
        "BossEscortType": "sptusec",
        "Time": 5,
        "Supports": null,
        "RandomTimeSpawn": false,
        "OnlySpawnOnce": true,
        "BossZone": ["ZoneFactory"]
      },
      {
        "Name": "sptusec",
        "BossName": "sptusec",
        "BossEscortType": "sptusec",
        "Time": 5,
        "Supports": null,
        "RandomTimeSpawn": false,
        "OnlySpawnOnce": true,
        "BossZone": ["ZoneConcordia_1"]
      },
      {
        "Name": "sptbear",
        "BossName": "sptbear",
        "BossEscortType": "sptbear",
        "Time": 5,
        "Supports": null,
        "RandomTimeSpawn": false,
        "OnlySpawnOnce": true,
        "BossZone": ["ZoneConcordia_1"]
      },
      {
        "Name": "sptbear",
        "BossName": "sptbear",
        "BossEscortType": "sptbear",
        "Time": 5,
        "Supports": null,
        "RandomTimeSpawn": false,
        "OnlySpawnOnce": true,
        "BossZone": ["ZoneCarShowroom"]
      },
      {
        "Name": "sptusec",
        "BossName": "sptusec",
        "BossEscortType": "sptusec",
        "Time": 5,
        "Supports": null,
        "RandomTimeSpawn": false,
        "OnlySpawnOnce": true,
        "BossZone": ["ZoneSW01"]
      },
      {
        "Name": "sptbear",
        "BossName": "sptbear",
        "BossEscortType": "sptbear",
        "Time": 5,
        "Supports": null,
        "RandomTimeSpawn": false,
        "OnlySpawnOnce": true,
        "BossZone": ["ZoneCinema"]
      },
      {
        "Name": "sptusec",
        "BossName": "sptusec",
        "BossEscortType": "sptusec",
        "Time": 5,
        "Supports": null,
        "RandomTimeSpawn": false,
        "OnlySpawnOnce": true,
        "BossZone": ["ZoneHotel_1","ZoneHotel_2"]
      },
      {
        "Name": "sptbear",
        "BossName": "sptbear",
        "BossEscortType": "sptbear",
        "Time": 5,
        "Supports": null,
        "RandomTimeSpawn": false,
        "OnlySpawnOnce": true,
        "BossZone": ["ZoneHotel_1","ZoneHotel_2"]
      },
      {
        "Name": "sptbear",
        "BossName": "sptbear",
        "BossEscortType": "sptbear",
        "Time": 5,
        "Supports": null,
        "RandomTimeSpawn": false,
        "OnlySpawnOnce": true,
        "BossZone": ["ZoneConcordiaParking"]
      },
      {
        "Name": "sptbear",
        "BossName": "sptbear",
        "BossEscortType": "sptbear",
        "Time": 5,
        "Supports": null,
        "RandomTimeSpawn": false,
        "OnlySpawnOnce": true,
        "BossZone": ["ZoneConstruction"]
      }
    ]
  }
]
