[
  {
    "MapName": "tarkovstreets",
    "MapGroups": [],
    "MapBosses": [
      {
        "Name": "ZoneSnipeSW01 SCAV Sniper",
        "BossName": "marksman",
        "BossEscortType": "marksman",
        "BossEscortAmount": "0",
        "Time": -1,
        "Supports": null,
        "RandomTimeSpawn": false,
        "OnlySpawnOnce": true,
        "BossZone": ["ZoneSnipeSW01"]
      },
      {
        "Name": "ZoneSnipeBuilding SCAV Sniper",
        "BossName": "marksman",
        "BossEscortType": "marksman",
        "BossEscortAmount": "0",
        "Time": -1,
        "Supports": null,
        "RandomTimeSpawn": false,
        "OnlySpawnOnce": true,
        "BossZone": ["ZoneSnipeBuilding"]
      },
      {
        "Name": "ZoneSnipeCinema SCAV Sniper",
        "BossName": "marksman",
        "BossEscortType": "marksman",
        "BossEscortAmount": "0",
        "Time": -1,
        "Supports": null,
        "RandomTimeSpawn": false,
        "OnlySpawnOnce": true,
        "BossZone": ["ZoneSnipeCinema"]
      },
      {
        "Name": "ZoneSnipeCarShowroom SCAV Sniper",
        "BossName": "marksman",
        "BossEscortType": "marksman",
        "BossEscortAmount": "0",
        "Time": -1,
        "Supports": null,
        "RandomTimeSpawn": false,
        "OnlySpawnOnce": true,
        "BossZone": ["ZoneSnipeCarShowroom"]
      }
    ]
  }
]
