[
  {
    "MapName": "woods",
    "MapGroups": [
      {
        "Name": "PMCs",
        "Bots": [
          {
            "BotType": "pmc",
            "MaxBotCount": 2
          }
        ],
        "Time_min": 500,
        "Time_max": 2600,
        "RandomTimeSpawn": false,
        "OnlySpawnOnce": false,
        "BotZone": [
          "ZoneScavBase2",
          "ZoneMiniHouse",
          "ZoneBigRocks",
          "ZoneRedHouse",
          "ZoneWoodCutter",
          "ZoneRoad",
          "ZoneHouse",
          "ZoneClearVill",
          "ZoneBrokenVill"
        ]
      },
      {
        "Name": "PMCs",
        "Bots": [
          {
            "BotType": "pmc",
            "MaxBotCount": 2
          }
        ],
        "Time_min": 400,
        "Time_max": 1300,
        "RandomTimeSpawn": false,
        "OnlySpawnOnce": false,
        "BotZone": [
          "ZoneMiniHouse",
          "ZoneRedHouse",
          "ZoneWoodCutter",
          "ZoneRoad",
          "ZoneHouse"
        ]
      }
    ],
    "MapBosses": [
      {
        "Name": "sptbear",
        "BossName": "sptbear",
        "BossEscortType": "sptbear",
        "Time": 5,
        "Supports": null,
        "RandomTimeSpawn": false,
        "OnlySpawnOnce": true,
        "BossZone": ["ZoneRoad"]
      },
      {
        "Name": "sptusec",
        "BossName": "sptusec",
        "BossEscortType": "sptusec",
        "Time": 5,
        "Supports": null,
        "RandomTimeSpawn": false,
        "OnlySpawnOnce": true,
        "BossZone": ["ZoneRoad"]
      },
      {
        "Name": "sptusec",
        "BossName": "sptusec",
        "BossEscortType": "sptusec",
        "Time": 5,
        "Supports": null,
        "RandomTimeSpawn": false,
        "OnlySpawnOnce": true,
        "BossZone": ["ZoneBigRocks"]
      },
      {
        "Name": "sptusec",
        "BossName": "sptusec",
        "BossEscortType": "sptusec",
        "Time": 5,
        "Supports": null,
        "RandomTimeSpawn": false,
        "OnlySpawnOnce": true,
        "BossZone": ["ZoneMiniHouse"]
      },
      {
        "Name": "sptbear",
        "BossName": "sptbear",
        "BossEscortType": "sptbear",
        "Time": 5,
        "Supports": null,
        "RandomTimeSpawn": false,
        "OnlySpawnOnce": true,
        "BossZone": ["ZoneWoodCutter"]
      },
      {
        "Name": "sptusec",
        "BossName": "sptusec",
        "BossEscortType": "sptusec",
        "Time": 5,
        "Supports": null,
        "RandomTimeSpawn": false,
        "OnlySpawnOnce": true,
        "BossZone": ["ZoneWoodCutter"]
      },
      {
        "Name": "sptbear",
        "BossName": "sptbear",
        "BossEscortType": "sptbear",
        "Time": 5,
        "Supports": null,
        "RandomTimeSpawn": false,
        "OnlySpawnOnce": true,
        "BossZone": ["ZoneHouse"]
      },
      {
        "Name": "sptusec",
        "BossName": "sptusec",
        "BossEscortType": "sptusec",
        "Time": 5,
        "Supports": null,
        "RandomTimeSpawn": false,
        "OnlySpawnOnce": true,
        "BossZone": ["ZoneHouse"]
      },
      {
        "Name": "sptbear",
        "BossName": "sptbear",
        "BossEscortType": "sptbear",
        "Time": 5,
        "Supports": null,
        "RandomTimeSpawn": false,
        "OnlySpawnOnce": true,
        "BossZone": ["ZoneRedHouse"]
      },
      {
        "Name": "sptusec",
        "BossName": "sptusec",
        "BossEscortType": "sptusec",
        "Time": 5,
        "Supports": null,
        "RandomTimeSpawn": false,
        "OnlySpawnOnce": true,
        "BossZone": ["ZoneRedHouse"]
      },
      {
        "Name": "sptusec",
        "BossName": "sptusec",
        "BossEscortType": "sptusec",
        "Time": 5,
        "Supports": null,
        "RandomTimeSpawn": false,
        "OnlySpawnOnce": true,
        "BossZone": ["ZoneRedHouse"]
      },
      {
        "Name": "sptbear",
        "BossName": "sptbear",
        "BossEscortType": "sptbear",
        "Time": 5,
        "Supports": null,
        "RandomTimeSpawn": false,
        "OnlySpawnOnce": true,
        "BossZone": ["ZoneClearVill"]
      },
      {
        "Name": "sptusec",
        "BossName": "sptusec",
        "BossEscortType": "sptusec",
        "Time": 5,
        "Supports": null,
        "RandomTimeSpawn": false,
        "OnlySpawnOnce": true,
        "BossZone": ["ZoneBrokenVill"]
      }
    ]
  }
]
