[
  {
    "MapName": "woods",
    "MapGroups": [
      {
        "Name": "Starting SCAVs",
        "Bots": [
          {
            "BotType": "assault",
            "MaxBotCount": 2
          }
        ],
        "Time_min": 60,
        "Time_max": 120,
        "RandomTimeSpawn": false,
        "OnlySpawnOnce": true,
        "BotZone": [
          "ZoneScavBase2",
          "ZoneMiniHouse",
          "ZoneBigRocks",
          "ZoneRedHouse",
          "ZoneWoodCutter",
          "ZoneRoad",
          "ZoneHouse",
          "ZoneClearVill",
          "ZoneBrokenVill"
        ]
      },
      {
        "Name": "assaults",
        "Bots": [
          {
            "BotType": "assault",
            "MaxBotCount": 2
          }
        ],
        "Time_min": 400,
        "Time_max": 3600,
        "RandomTimeSpawn": false,
        "OnlySpawnOnce": false,
        "BotZone": [
          "ZoneScavBase2",
          "ZoneMiniHouse",
          "ZoneBigRocks",
          "ZoneRedHouse",
          "ZoneWoodCutter",
          "ZoneRoad",
          "ZoneHouse",
          "ZoneClearVill",
          "ZoneBrokenVill"
        ]
      }
    ],
    "MapBosses": []
  }
]
